﻿<parameters>
  <parameter name="IIS Web Application Name" defaultValue="iPortal" tags="IisApp">
    <parameterEntry kind="ProviderPath" scope="IisApp" match="^C:\\pkview\ git\ latest\ 09052017\ -\ clean\\iportal\ codes\\iPortal\\obj\\Debug\\Package\\PackageTmp$" />
    <parameterEntry kind="ProviderPath" scope="setAcl" match="^C:\\pkview\ git\ latest\ 09052017\ -\ clean\\iportal\ codes\\iPortal\\obj\\Debug\\Package\\PackageTmp$" />
  </parameter>
  <parameter name="Add write permission to App_Data Folder" description="Add write permission to App_Data folder" defaultValue="{IIS Web Application Name}/App_Data" tags="Hidden">
    <parameterEntry kind="ProviderPath" scope="setAcl" match="^C:\\pkview\ git\ latest\ 09052017\ -\ clean\\iportal\ codes\\iPortal\\obj\\Debug\\Package\\PackageTmp\\App_Data$" />
  </parameter>
  <parameter name="IPORTAL_TESTConnectionString1-Web.config Connection String" defaultValue="Data Source=FDSTDSQLDEV01\TDSQLISTDEVR2_01;Initial Catalog=OCPSQL;Integrated Security=True">
    <parameterEntry kind="XmlFile" scope="C:\\pkview\ git\ latest\ 09052017\ -\ clean\\iportal\ codes\\iPortal\\obj\\Debug\\Package\\PackageTmp\\Web\.config$" match="/configuration/connectionStrings/add[@name='IPORTAL_TESTConnectionString1']/@connectionString" />
  </parameter>
  <parameter name="OCPSQLEntities-Web.config Connection String" defaultValue="metadata=res://*/App_Data.OCPSQL.csdl|res://*/App_Data.OCPSQL.ssdl|res://*/App_Data.OCPSQL.msl;provider=System.Data.SqlClient;provider connection string=&quot;data source=FDSTDSQLDEV01\TDSQLISTDEVR2_01;initial catalog=OCPSQL;integrated security=True;MultipleActiveResultSets=True;App=EntityFramework&quot;">
    <parameterEntry kind="XmlFile" scope="C:\\pkview\ git\ latest\ 09052017\ -\ clean\\iportal\ codes\\iPortal\\obj\\Debug\\Package\\PackageTmp\\Web\.config$" match="/configuration/connectionStrings/add[@name='OCPSQLEntities']/@connectionString" />
  </parameter>
</parameters>